<metadata xml:lang="en"><Esri><CreaDate>20190911</CreaDate><CreaTime>11474000</CreaTime><ArcGISFormat>1.0</ArcGISFormat><ArcGISstyle>ANZLIC</ArcGISstyle><SyncOnce>FALSE</SyncOnce><DataProperties><itemProps><itemName Sync="TRUE">NZGroundwaterRecharge_meanAutumn_20002015.tif</itemName><itemLocation><linkage Sync="TRUE">file://I:\GroundWater\Commercial\MfE GW Atlas 2017\Data_management\datasets\recharge\NZGroundwaterRecharge_meanAutumn_20002015.tif</linkage><protocol Sync="TRUE">Local Area Network</protocol></itemLocation><imsContentType Sync="TRUE" export="False">002</imsContentType><nativeExtBox><westBL Sync="TRUE">1088236.259000</westBL><eastBL Sync="TRUE">2093186.259000</eastBL><southBL Sync="TRUE">4655186.799000</southBL><northBL Sync="TRUE">6224726.799000</northBL><exTypeCode Sync="TRUE">1</exTypeCode></nativeExtBox></itemProps><coordRef><type Sync="TRUE">Projected</type><geogcsn Sync="TRUE">GCS_NZGD_2000</geogcsn><csUnits Sync="TRUE">Linear Unit: Meter (1.000000)</csUnits><projcsn Sync="TRUE">NZGD_2000_New_Zealand_Transverse_Mercator</projcsn><peXml Sync="TRUE">&lt;ProjectedCoordinateSystem xsi:type='typens:ProjectedCoordinateSystem' xmlns:xsi='http://www.w3.org/2001/XMLSchema-instance' xmlns:xs='http://www.w3.org/2001/XMLSchema' xmlns:typens='http://www.esri.com/schemas/ArcGIS/10.5'&gt;&lt;WKT&gt;PROJCS[&amp;quot;NZGD_2000_New_Zealand_Transverse_Mercator&amp;quot;,GEOGCS[&amp;quot;GCS_NZGD_2000&amp;quot;,DATUM[&amp;quot;D_NZGD_2000&amp;quot;,SPHEROID[&amp;quot;GRS_1980&amp;quot;,6378137.0,298.257222101]],PRIMEM[&amp;quot;Greenwich&amp;quot;,0.0],UNIT[&amp;quot;Degree&amp;quot;,0.0174532925199433]],PROJECTION[&amp;quot;Transverse_Mercator&amp;quot;],PARAMETER[&amp;quot;False_Easting&amp;quot;,1600000.0],PARAMETER[&amp;quot;False_Northing&amp;quot;,10000000.0],PARAMETER[&amp;quot;Central_Meridian&amp;quot;,173.0],PARAMETER[&amp;quot;Scale_Factor&amp;quot;,0.9996],PARAMETER[&amp;quot;Latitude_Of_Origin&amp;quot;,0.0],UNIT[&amp;quot;Meter&amp;quot;,1.0],AUTHORITY[&amp;quot;EPSG&amp;quot;,2193]]&lt;/WKT&gt;&lt;XOrigin&gt;-4020900&lt;/XOrigin&gt;&lt;YOrigin&gt;1900&lt;/YOrigin&gt;&lt;XYScale&gt;450445547.3910538&lt;/XYScale&gt;&lt;ZOrigin&gt;-100000&lt;/ZOrigin&gt;&lt;ZScale&gt;10000&lt;/ZScale&gt;&lt;MOrigin&gt;-100000&lt;/MOrigin&gt;&lt;MScale&gt;10000&lt;/MScale&gt;&lt;XYTolerance&gt;0.001&lt;/XYTolerance&gt;&lt;ZTolerance&gt;0.001&lt;/ZTolerance&gt;&lt;MTolerance&gt;0.001&lt;/MTolerance&gt;&lt;HighPrecision&gt;true&lt;/HighPrecision&gt;&lt;WKID&gt;2193&lt;/WKID&gt;&lt;LatestWKID&gt;2193&lt;/LatestWKID&gt;&lt;/ProjectedCoordinateSystem&gt;</peXml></coordRef><RasterProperties><General><PixelDepth Sync="TRUE">64</PixelDepth><HasColormap Sync="TRUE">FALSE</HasColormap><CompressionType Sync="TRUE">PACKBITS</CompressionType><NumBands Sync="TRUE">1</NumBands><Format Sync="TRUE">TIFF</Format><HasPyramids Sync="TRUE">TRUE</HasPyramids><SourceType Sync="TRUE">continuous</SourceType><PixelType Sync="TRUE">double precision</PixelType><NoDataValue Sync="TRUE">-9999</NoDataValue></General></RasterProperties></DataProperties><SyncDate>20190918</SyncDate><SyncTime>09124700</SyncTime><ModDate>20190918</ModDate><ModTime>9130200</ModTime><scaleRange><minScale>150000000</minScale><maxScale>5000</maxScale></scaleRange><ArcGISProfile>ANZLIC</ArcGISProfile><locales><locale language="eng" country="NZ" xmlns=""/></locales></Esri><dataIdInfo><envirDesc Sync="TRUE"> Version 6.2 (Build 9200) ; Esri ArcGIS 10.5.1.7333</envirDesc><dataLang><languageCode value="eng" Sync="TRUE"/><countryCode value="NZL" Sync="TRUE"/></dataLang><idCitation xmlns=""><resTitle Sync="FALSE">NZGroundwaterRecharge_meanAutumn_20002015.tif</resTitle><presForm><PresFormCd value="005" Sync="TRUE"/></presForm><date><createDate>2019-09-11T00:00:00</createDate></date><citRespParty xmlns=""><rpIndName>Rogier Westerhoff</rpIndName><rpOrgName>Empty</rpOrgName><rpPosName>Empty</rpPosName><role><RoleCd value="011"/></role></citRespParty><resAltTitle>New Zealand Groundwater Atlas</resAltTitle></idCitation><spatRpType><SpatRepTypCd value="002" Sync="TRUE"/></spatRpType><dataExt><geoEle><GeoBndBox esriExtentType="search"><exTypeCode Sync="TRUE">1</exTypeCode><westBL Sync="TRUE">166.130975</westBL><eastBL Sync="TRUE">179.621430</eastBL><northBL Sync="TRUE">-33.993357</northBL><southBL Sync="TRUE">-48.256531</southBL></GeoBndBox></geoEle></dataExt><idPurp>National-scale mean autumn groundwater recharge for the period 2000-2015 in mm/day</idPurp><idAbs>&lt;DIV STYLE="text-align:Left;"&gt;&lt;DIV&gt;&lt;DIV&gt;&lt;P&gt;&lt;SPAN&gt;Three &lt;/SPAN&gt;&lt;SPAN&gt;national &lt;/SPAN&gt;&lt;SPAN&gt;models &lt;/SPAN&gt;&lt;SPAN&gt;of groundwater recharge in New Zealand &lt;/SPAN&gt;&lt;SPAN&gt;were used (NGRM, TopNet, IrriCalc&lt;/SPAN&gt;&lt;SPAN&gt;) to create a mean model of groundwater recharge. This dataset summarises the gridded autumn groundwater recharge from this model mean for the period 2000-2015 in mm/day. A complementary dataset describing the standard deviation of this dataset is also available: NZGroundwaterRecharge_meanAutumn_20002015_stdev.tif.&lt;/SPAN&gt;&lt;/P&gt;&lt;P&gt;&lt;SPAN&gt;Where reference to the data is to be included in a reference list the following citation is suggested: &lt;/SPAN&gt;&lt;SPAN&gt;&lt;SPAN&gt;Westerhoff R, Dark A, Zammit C., Tschritter, C., Rawlinson, Z., 2019. &lt;/SPAN&gt;&lt;/SPAN&gt;&lt;SPAN&gt;&lt;SPAN&gt;New Zealand Groundwater Atlas: Groundwater Fluxes&lt;/SPAN&gt;&lt;/SPAN&gt;&lt;SPAN&gt;&lt;SPAN&gt;. &lt;/SPAN&gt;&lt;/SPAN&gt;&lt;SPAN&gt;Lower Hutt (NZ): GNS Science. Consultancy Report 2019/126.&lt;/SPAN&gt;&lt;/P&gt;&lt;/DIV&gt;&lt;/DIV&gt;&lt;/DIV&gt;</idAbs><resConst><LegConsts xmlns=""><useLimit>These data have been developed for the purpose of national-scale assessments. While all care and diligence has been used in processing, analysing and extracting data and information for this publication, the Ministry for the Environment, the Institute of Geological and Nuclear Sciences Limited (GNS Science), Aqualinc Research Ltd. (Aqualinc) and the National Institute of Water and Atmospheric Research (NIWA) give no warranty in relation to these data - including its accuracy, reliability and suitability - and accept no liability whatsoever in relation to any loss, damage, or other costs relating to the use of any part of these data or any compilations, derivative works, or modifications of these data. </useLimit><accessConsts><RestrictCd value="002"/></accessConsts><useConsts><RestrictCd value="002"/></useConsts></LegConsts><Consts xmlns=""><useLimit>&lt;DIV STYLE="text-align:Left;"&gt;&lt;DIV&gt;&lt;P&gt;&lt;SPAN&gt;Where reference to the data is to be included in a reference list the following citation is suggested: &lt;/SPAN&gt;&lt;SPAN&gt;&lt;SPAN&gt;Westerhoff R, Dark A, Zammit C., Tschritter, C., Rawlinson, Z., 2019. &lt;/SPAN&gt;&lt;/SPAN&gt;&lt;SPAN&gt;&lt;SPAN&gt;New Zealand Groundwater Atlas: Groundwater Fluxes&lt;/SPAN&gt;&lt;/SPAN&gt;&lt;SPAN&gt;&lt;SPAN&gt;. &lt;/SPAN&gt;&lt;/SPAN&gt;&lt;SPAN&gt;Lower Hutt (NZ): GNS Science. Consultancy Report 2019/126.&lt;/SPAN&gt;&lt;/P&gt;&lt;/DIV&gt;&lt;/DIV&gt;</useLimit></Consts></resConst><idPoC xmlns=""><rpIndName>Rogier Westerhoff</rpIndName><rpOrgName>Empty</rpOrgName><rpPosName>Empty</rpPosName><role><RoleCd value="011"/></role><displayName>Rogier Westerhoff</displayName></idPoC><tpCat><TopicCatCd value="007"/></tpCat><tpCat><TopicCatCd value="008"/></tpCat></dataIdInfo><mdLang><languageCode value="eng" Sync="TRUE"/><countryCode value="NZL" Sync="TRUE"/></mdLang><mdChar><CharSetCd value="004" Sync="TRUE"/></mdChar><distInfo xmlns=""><distFormat xmlns=""><formatName Sync="TRUE">Raster Dataset</formatName><formatVer>6.0</formatVer></distFormat><distributor xmlns=""><distorCont xmlns=""><rpIndName>Rogier Westerhoff</rpIndName><rpOrgName>Empty</rpOrgName><rpPosName>Empty</rpPosName><role><RoleCd value="011"/></role><displayName>Rogier Westerhoff</displayName></distorCont></distributor></distInfo><mdHrLv><ScopeCd value="005" Sync="TRUE"/></mdHrLv><mdHrLvName Sync="TRUE">dataset</mdHrLvName><refSysInfo><RefSystem><refSysID><identCode code="2193" Sync="TRUE"/><idCodeSpace Sync="TRUE">EPSG</idCodeSpace><idVersion Sync="TRUE">7.9.4(9.0.0)</idVersion></refSysID></RefSystem></refSysInfo><spatRepInfo><Georect><cellGeo><CellGeoCd Sync="TRUE" value="002"/></cellGeo><numDims Sync="TRUE">2</numDims><tranParaAv Sync="TRUE">1</tranParaAv><chkPtAv Sync="TRUE">0</chkPtAv><cornerPts><pos Sync="TRUE">1088236.259000 4655186.799000</pos></cornerPts><cornerPts><pos Sync="TRUE">1088236.259000 6224726.799000</pos></cornerPts><cornerPts><pos Sync="TRUE">2093186.259000 6224726.799000</pos></cornerPts><cornerPts><pos Sync="TRUE">2093186.259000 4655186.799000</pos></cornerPts><centerPt><pos Sync="TRUE">1590711.259000 5439956.799000</pos></centerPt><axisDimension type="002"><dimSize Sync="TRUE">995</dimSize><dimResol><value Sync="TRUE" uom="m">1010.000000</value></dimResol></axisDimension><axisDimension type="001"><dimSize Sync="TRUE">1554</dimSize><dimResol><value Sync="TRUE" uom="m">1010.000000</value></dimResol></axisDimension><ptInPixel><PixOrientCd Sync="TRUE" value="001"/></ptInPixel></Georect></spatRepInfo><contInfo><ImgDesc><contentTyp><ContentTypCd Sync="TRUE" value="001"/></contentTyp><covDim><Band><dimDescrp Sync="TRUE">Band_1</dimDescrp><bitsPerVal Sync="TRUE">64</bitsPerVal><valUnit><UOM type="length"/></valUnit></Band></covDim></ImgDesc></contInfo><mdDateSt Sync="TRUE">20190918</mdDateSt><mdFileID>B187BA48-142B-417C-BDE2-F6BACCF4944E</mdFileID><mdContact xmlns=""><rpIndName>Rogier Westerhoff</rpIndName><rpOrgName>Empty</rpOrgName><rpPosName>Empty</rpPosName><role><RoleCd value="011"/></role><displayName>Rogier Westerhoff</displayName></mdContact><mdConst><LegConsts xmlns=""><useLimit>These data have been developed for the purpose of national-scale assessments. While all care and diligence has been used in processing, analysing and extracting data and information for this publication, the Ministry for the Environment, the Institute of Geological and Nuclear Sciences Limited (GNS Science), Aqualinc Research Ltd. (Aqualinc) and the National Institute of Water and Atmospheric Research (NIWA) give no warranty in relation to these data - including its accuracy, reliability and suitability - and accept no liability whatsoever in relation to any loss, damage, or other costs relating to the use of any part of these data or any compilations, derivative works, or modifications of these data. </useLimit><accessConsts><RestrictCd value="002"/></accessConsts><useConsts><RestrictCd value="002"/></useConsts></LegConsts><Consts xmlns=""><useLimit>&lt;DIV STYLE="text-align:Left;"&gt;&lt;DIV&gt;&lt;DIV&gt;&lt;P&gt;&lt;SPAN&gt;Where reference to the data is to be included in a reference list the following citation is suggested: &lt;/SPAN&gt;&lt;SPAN&gt;&lt;SPAN&gt;Westerhoff R, Dark A, Zammit C., Tschritter, C., Rawlinson, Z., 2019. &lt;/SPAN&gt;&lt;/SPAN&gt;&lt;SPAN&gt;&lt;SPAN&gt;New Zealand Groundwater Atlas: Groundwater Fluxes&lt;/SPAN&gt;&lt;/SPAN&gt;&lt;SPAN&gt;&lt;SPAN&gt;. &lt;/SPAN&gt;&lt;/SPAN&gt;&lt;SPAN&gt;Lower Hutt (NZ): GNS Science. Consultancy Report 2019/126.&lt;/SPAN&gt;&lt;/P&gt;&lt;/DIV&gt;&lt;/DIV&gt;&lt;/DIV&gt;</useLimit></Consts></mdConst><dqInfo xmlns=""><dqScope><scpLvl><ScopeCd value="015"/></scpLvl></dqScope><dataLineage><statement>Supplied to Ministry for the Environment by GNS Science in September 2019.</statement></dataLineage></dqInfo></metadata>
