<metadata xml:lang="en"><Esri><CreaDate>20190917</CreaDate><CreaTime>18190800</CreaTime><ArcGISFormat>1.0</ArcGISFormat><ArcGISstyle>ANZLIC</ArcGISstyle><SyncOnce>FALSE</SyncOnce><DataProperties><itemProps><itemName Sync="TRUE">NZGroundwaterRecharge_meanSpring_20002015.tif</itemName><itemLocation><linkage Sync="TRUE">file://I:\GroundWater\Commercial\MfE GW Atlas 2017\Data_management\datasets\recharge\NZGroundwaterRecharge_meanSpring_20002015.tif</linkage><protocol Sync="TRUE">Local Area Network</protocol></itemLocation><nativeExtBox><westBL Sync="TRUE">1088236.259000</westBL><eastBL Sync="TRUE">2093186.259000</eastBL><southBL Sync="TRUE">4655186.799000</southBL><northBL Sync="TRUE">6224726.799000</northBL><exTypeCode Sync="TRUE">1</exTypeCode></nativeExtBox><imsContentType Sync="TRUE">002</imsContentType></itemProps><coordRef><type Sync="TRUE">Projected</type><geogcsn Sync="TRUE">GCS_NZGD_2000</geogcsn><csUnits Sync="TRUE">Linear Unit: Meter (1.000000)</csUnits><projcsn Sync="TRUE">NZGD_2000_New_Zealand_Transverse_Mercator</projcsn><peXml Sync="TRUE">&lt;ProjectedCoordinateSystem xsi:type='typens:ProjectedCoordinateSystem' xmlns:xsi='http://www.w3.org/2001/XMLSchema-instance' xmlns:xs='http://www.w3.org/2001/XMLSchema' xmlns:typens='http://www.esri.com/schemas/ArcGIS/10.5'&gt;&lt;WKT&gt;PROJCS[&amp;quot;NZGD_2000_New_Zealand_Transverse_Mercator&amp;quot;,GEOGCS[&amp;quot;GCS_NZGD_2000&amp;quot;,DATUM[&amp;quot;D_NZGD_2000&amp;quot;,SPHEROID[&amp;quot;GRS_1980&amp;quot;,6378137.0,298.257222101]],PRIMEM[&amp;quot;Greenwich&amp;quot;,0.0],UNIT[&amp;quot;Degree&amp;quot;,0.0174532925199433]],PROJECTION[&amp;quot;Transverse_Mercator&amp;quot;],PARAMETER[&amp;quot;False_Easting&amp;quot;,1600000.0],PARAMETER[&amp;quot;False_Northing&amp;quot;,10000000.0],PARAMETER[&amp;quot;Central_Meridian&amp;quot;,173.0],PARAMETER[&amp;quot;Scale_Factor&amp;quot;,0.9996],PARAMETER[&amp;quot;Latitude_Of_Origin&amp;quot;,0.0],UNIT[&amp;quot;Meter&amp;quot;,1.0],AUTHORITY[&amp;quot;EPSG&amp;quot;,2193]]&lt;/WKT&gt;&lt;XOrigin&gt;-4020900&lt;/XOrigin&gt;&lt;YOrigin&gt;1900&lt;/YOrigin&gt;&lt;XYScale&gt;450445547.3910538&lt;/XYScale&gt;&lt;ZOrigin&gt;-100000&lt;/ZOrigin&gt;&lt;ZScale&gt;10000&lt;/ZScale&gt;&lt;MOrigin&gt;-100000&lt;/MOrigin&gt;&lt;MScale&gt;10000&lt;/MScale&gt;&lt;XYTolerance&gt;0.001&lt;/XYTolerance&gt;&lt;ZTolerance&gt;0.001&lt;/ZTolerance&gt;&lt;MTolerance&gt;0.001&lt;/MTolerance&gt;&lt;HighPrecision&gt;true&lt;/HighPrecision&gt;&lt;WKID&gt;2193&lt;/WKID&gt;&lt;LatestWKID&gt;2193&lt;/LatestWKID&gt;&lt;/ProjectedCoordinateSystem&gt;</peXml></coordRef><RasterProperties><General><PixelDepth Sync="TRUE">64</PixelDepth><HasColormap Sync="TRUE">FALSE</HasColormap><CompressionType Sync="TRUE">PACKBITS</CompressionType><NumBands Sync="TRUE">1</NumBands><Format Sync="TRUE">TIFF</Format><HasPyramids Sync="TRUE">TRUE</HasPyramids><SourceType Sync="TRUE">continuous</SourceType><PixelType Sync="TRUE">double precision</PixelType><NoDataValue Sync="TRUE">-9999</NoDataValue></General></RasterProperties></DataProperties><SyncDate>20190918</SyncDate><SyncTime>09132600</SyncTime><ModDate>20190918</ModDate><ModTime>9134400</ModTime><locales><locale language="eng" country="NZ"/></locales><scaleRange><minScale>150000000</minScale><maxScale>5000</maxScale></scaleRange><ArcGISProfile>ANZLIC</ArcGISProfile></Esri><mdFileID>B187BA48-142B-417C-BDE2-F6BACCF4944E</mdFileID><mdLang><languageCode value="eng"/><countryCode value="NZL" Sync="TRUE"/></mdLang><mdChar><CharSetCd value="004"/></mdChar><mdHrLv><ScopeCd value="005"/></mdHrLv><mdHrLvName Sync="TRUE">dataset</mdHrLvName><mdContact><rpIndName>Rogier Westerhoff</rpIndName><rpOrgName>Empty</rpOrgName><rpPosName>Empty</rpPosName><role><RoleCd value="011"/></role></mdContact><mdDateSt Sync="TRUE">20190918</mdDateSt><mdStanName>ArcGIS Metadata</mdStanName><mdStanVer>1.0</mdStanVer><distInfo><distributor><distorCont><rpIndName>Rogier Westerhoff</rpIndName><rpOrgName>Empty</rpOrgName><rpPosName>Empty</rpPosName><role><RoleCd value="011"/></role></distorCont></distributor><distFormat><formatName Sync="TRUE">Raster Dataset</formatName><formatVer>6.0</formatVer></distFormat></distInfo><dataIdInfo><idCitation><resTitle Sync="TRUE">NZGroundwaterRecharge_meanSpring_20002015.tif</resTitle><resAltTitle>New Zealand Groundwater Atlas</resAltTitle><date><createDate>2019-09-11T00:00:00</createDate></date><citRespParty><rpIndName>Rogier Westerhoff</rpIndName><rpOrgName>Empty</rpOrgName><rpPosName>Empty</rpPosName><role><RoleCd value="011"/></role></citRespParty><presForm><PresFormCd value="005"/></presForm></idCitation><idAbs>&lt;DIV STYLE="text-align:Left;"&gt;&lt;DIV&gt;&lt;P&gt;&lt;SPAN&gt;Three national models of groundwater recharge in New Zealand were used (NGRM, TopNet, IrriCalc) to create a mean model of groundwater recharge. This dataset summarises the gridded spring groundwater recharge from this model mean for the period 2000-2015 in mm/day. A complementary dataset describing the standard deviation of this dataset is also available: NZGroundwaterRecharge_meanSpring_20002015_stdev.tif.Where reference to the data is to be included in a reference list the following citation is suggested: Westerhoff R, Dark A, Zammit C., Tschritter, C., Rawlinson, Z., 2019. New Zealand Groundwater Atlas: Groundwater Fluxes. Lower Hutt (NZ): GNS Science. Consultancy Report 2019/126.&lt;/SPAN&gt;&lt;/P&gt;&lt;/DIV&gt;&lt;/DIV&gt;</idAbs><idPurp>National-scale mean spring groundwater recharge for the period 2000-2015 in mm/day</idPurp><idPoC xmlns=""><rpIndName>Rogier Westerhoff</rpIndName><rpOrgName>Empty</rpOrgName><rpPosName>Empty</rpPosName><role><RoleCd value="011"/></role></idPoC><resConst><LegConsts><useLimit>These data have been developed for the purpose of national-scale assessments. While all care and diligence has been used in processing, analysing and extracting data and information for this publication, the Ministry for the Environment, the Institute of Geological and Nuclear Sciences Limited (GNS Science), Aqualinc Research Ltd. (Aqualinc) and the National Institute of Water and Atmospheric Research (NIWA) give no warranty in relation to these data - including its accuracy, reliability and suitability - and accept no liability whatsoever in relation to any loss, damage, or other costs relating to the use of any part of these data or any compilations, derivative works, or modifications of these data.</useLimit><accessConsts><RestrictCd value="002"/></accessConsts><useConsts><RestrictCd value="002"/></useConsts></LegConsts></resConst><resConst><Consts><useLimit>Where reference to the data is to be included in a reference list the following citation is suggested: Westerhoff R, Dark A, Zammit C., Tschritter, C., Rawlinson, Z., 2019. New Zealand Groundwater Atlas: Groundwater Fluxes. Lower Hutt (NZ): GNS Science. Consultancy Report 2019/126.</useLimit></Consts></resConst><spatRpType><SpatRepTypCd value="002"/></spatRpType><dataLang><languageCode value="eng"/><countryCode value="NZL" Sync="TRUE"/></dataLang><dataChar><CharSetCd value="004"/></dataChar><envirDesc Sync="TRUE"> Version 6.2 (Build 9200) ; Esri ArcGIS 10.5.1.7333</envirDesc><dataExt><geoEle><GeoBndBox><exTypeCode>true</exTypeCode><westBL>166.130975</westBL><eastBL>179.62143</eastBL><southBL>-48.256531</southBL><northBL>-33.993357</northBL></GeoBndBox></geoEle></dataExt><dataExt><geoEle><GeoBndBox esriExtentType="search"><exTypeCode Sync="TRUE">1</exTypeCode><westBL Sync="TRUE">166.130975</westBL><eastBL Sync="TRUE">179.621430</eastBL><northBL Sync="TRUE">-33.993357</northBL><southBL Sync="TRUE">-48.256531</southBL></GeoBndBox></geoEle></dataExt><tpCat><TopicCatCd value="008"/></tpCat><tpCat><TopicCatCd value="007"/></tpCat></dataIdInfo><mdConst><LegConsts><useLimit>These data have been developed for the purpose of national-scale assessments. While all care and diligence has been used in processing, analysing and extracting data and information for this publication, the Ministry for the Environment, the Institute of Geological and Nuclear Sciences Limited (GNS Science), Aqualinc Research Ltd. (Aqualinc) and the National Institute of Water and Atmospheric Research (NIWA) give no warranty in relation to these data - including its accuracy, reliability and suitability - and accept no liability whatsoever in relation to any loss, damage, or other costs relating to the use of any part of these data or any compilations, derivative works, or modifications of these data.</useLimit><accessConsts><RestrictCd value="002"/></accessConsts><useConsts><RestrictCd value="002"/></useConsts></LegConsts></mdConst><mdConst><Consts><useLimit>Where reference to the data is to be included in a reference list the following citation is suggested: Westerhoff R, Dark A, Zammit C., Tschritter, C., Rawlinson, Z., 2019. New Zealand Groundwater Atlas: Groundwater Fluxes. Lower Hutt (NZ): GNS Science. Consultancy Report 2019/126.</useLimit></Consts></mdConst><dqInfo><dqScope><scpLvl><ScopeCd value="015"/></scpLvl></dqScope><dataLineage><statement>Supplied to Ministry for the Environment by GNS Science in September 2019.</statement></dataLineage></dqInfo><spatRepInfo><Georect><numDims Sync="TRUE">2</numDims><axisDimension type="001"><dimSize Sync="TRUE">1554</dimSize><dimResol><value uom="m" Sync="TRUE">1010.000000</value></dimResol></axisDimension><axisDimension type="002"><dimSize Sync="TRUE">995</dimSize><dimResol><value uom="m" Sync="TRUE">1010.000000</value></dimResol></axisDimension><cellGeo><CellGeoCd value="002" Sync="TRUE"/></cellGeo><tranParaAv Sync="TRUE">1</tranParaAv><chkPtAv Sync="TRUE">0</chkPtAv><cornerPts gmlID="ID0EHEAC"><pos Sync="TRUE">1088236.259000 4655186.799000</pos></cornerPts><cornerPts gmlID="ID0EZEAC"><pos Sync="TRUE">1088236.259000 6224726.799000</pos></cornerPts><cornerPts gmlID="ID0ENEAC"><pos Sync="TRUE">2093186.259000 6224726.799000</pos></cornerPts><cornerPts gmlID="ID0ETEAC"><pos Sync="TRUE">2093186.259000 4655186.799000</pos></cornerPts><centerPt gmlID="ID0E6EAC"><pos Sync="TRUE">1590711.259000 5439956.799000</pos></centerPt><ptInPixel><PixOrientCd value="001" Sync="TRUE"/></ptInPixel></Georect></spatRepInfo><refSysInfo><RefSystem><refSysID><identCode code="0"/><idCodeSpace>EPSG</idCodeSpace><idVersion>7.9.4(9.0.0)</idVersion></refSysID></RefSystem></refSysInfo><contInfo><ImgDesc><contentTyp><ContentTypCd value="001" Sync="TRUE"/></contentTyp><covDim><Band><dimDescrp Sync="TRUE">Band_1</dimDescrp><valUnit><UOM gmlID="ID0EBHAC" type="length"><gmlIdent codeSpace="GML_UomSymbol">Unified Code of Units of Measure</gmlIdent></UOM></valUnit><bitsPerVal Sync="TRUE">64</bitsPerVal></Band></covDim></ImgDesc></contInfo></metadata>
